cell_id	family	scenario	seed	truth_class	output_status	max_error	tolerance	correct
train-response-001	response	positive	6077377285662726398	UniqueAnswerable	Answer	1.1102230246251565e-16	2.0e-10	true
train-response-002	response	null	12149968326711568686	UniqueAnswerable	Answer	0.0	2.0e-10	true
train-response-003	response	weak_signal	8800065847885628581	UniqueAnswerable	Answer	4.669692638212958e-18	2.0e-12	true
train-response-004	response	basis_changed	3223733994256489139	UniqueAnswerable	Answer	3.3306690738754696e-16	2.0e-10	true
train-response-005	response	boundary_variant	11426958733079490051	UniqueAnswerable	Answer	3.3306690738754696e-16	2.0e-10	true
train-response-006	response	inhomogeneous	15532064137679342008	UniqueAnswerable	Answer	0.0	2.0e-10	true
train-response-007	response	equivalent_models	7224975060733443294	EquivalenceOnly	EquivalenceClassOnly	0.0	2.0e-10	true
train-response-008	response	missing_observation	16189929568645734276	ObservationInsufficient	InsufficientObservation	0.0	2.0e-10	true
train-response-009	response	out_of_domain	18023062844573014927	OutOfDomainTruth	OutOfDomain	0.0	2.0e-10	true
train-response-010	response	high_noise	10226976541400341960	NumericallyUnresolved	Abstain	0.0	2.0e-10	true
train-response-011	response	positive	12584686341037650749	UniqueAnswerable	Answer	1.1102230246251565e-16	2.0e-10	true
train-response-012	response	null	448952549898347088	UniqueAnswerable	Answer	0.0	2.0e-10	true
train-response-013	response	weak_signal	4411949435125957235	UniqueAnswerable	Answer	4.669692638212958e-18	2.0e-12	true
train-response-014	response	basis_changed	1333881277831885944	UniqueAnswerable	Answer	2.7755575615628914e-16	2.0e-10	true
train-response-015	response	boundary_variant	265819868550980059	UniqueAnswerable	Answer	1.3877787807814457e-17	2.0e-10	true
train-response-016	response	inhomogeneous	292618615147555332	UniqueAnswerable	Answer	5.551115123125783e-17	2.0e-10	true
train-response-017	response	equivalent_models	17357811683548617178	EquivalenceOnly	EquivalenceClassOnly	0.0	2.0e-10	true
train-response-018	response	missing_observation	6620326383966656114	ObservationInsufficient	InsufficientObservation	0.0	2.0e-10	true
train-response-019	response	out_of_domain	9419185512455488721	OutOfDomainTruth	OutOfDomain	0.0	2.0e-10	true
train-response-020	response	high_noise	16762329357804684272	NumericallyUnresolved	Abstain	0.0	2.0e-10	true
train-factorization-001	factorization	null	5069176878349952404	UniqueAnswerable	Answer	0.0	2.0e-10	true
train-factorization-002	factorization	weak_signal	10871045885411711096	UniqueAnswerable	Answer	0.0	2.0e-12	true
train-factorization-003	factorization	basis_changed	1137446578688165148	UniqueAnswerable	Answer	0.0	2.0e-10	true
train-factorization-004	factorization	boundary_variant	11080872802335703348	UniqueAnswerable	Answer	0.0	2.0e-10	true
train-factorization-005	factorization	inhomogeneous	12900746624758391359	UniqueAnswerable	Answer	0.0	2.0e-10	true
train-factorization-006	factorization	equivalent_models	83352810031996866	EquivalenceOnly	EquivalenceClassOnly	0.0	2.0e-10	true
train-factorization-007	factorization	missing_observation	4704670016840355196	ObservationInsufficient	InsufficientObservation	0.0	2.0e-10	true
train-factorization-008	factorization	out_of_domain	11335004532508658256	OutOfDomainTruth	OutOfDomain	0.0	2.0e-10	true
train-factorization-009	factorization	high_noise	3534588941660549574	NumericallyUnresolved	Abstain	0.0	2.0e-10	true
train-factorization-010	factorization	positive	15294937749161022806	UniqueAnswerable	Answer	0.0	2.0e-10	true
train-factorization-011	factorization	null	5866273533071859119	UniqueAnswerable	Answer	0.0	2.0e-10	true
train-factorization-012	factorization	weak_signal	5849755044546288317	UniqueAnswerable	Answer	0.0	2.0e-12	true
train-factorization-013	factorization	basis_changed	12498865876598568698	UniqueAnswerable	Answer	0.0	2.0e-10	true
train-factorization-014	factorization	boundary_variant	12202814795984018807	UniqueAnswerable	Answer	0.0	2.0e-10	true
train-factorization-015	factorization	inhomogeneous	12121875729520486350	UniqueAnswerable	Answer	0.0	2.0e-10	true
train-factorization-016	factorization	equivalent_models	9763862626738849805	EquivalenceOnly	EquivalenceClassOnly	0.0	2.0e-10	true
train-factorization-017	factorization	missing_observation	11598378721350322157	ObservationInsufficient	InsufficientObservation	0.0	2.0e-10	true
train-factorization-018	factorization	out_of_domain	15678440232777962606	OutOfDomainTruth	OutOfDomain	0.0	2.0e-10	true
train-factorization-019	factorization	high_noise	10495203182850625566	NumericallyUnresolved	Abstain	0.0	2.0e-10	true
train-factorization-020	factorization	positive	17981572932127922445	UniqueAnswerable	Answer	0.0	2.0e-10	true
train-hypergraph-001	hypergraph	weak_signal	13517839064997474613	UniqueAnswerable	Answer	0.0	2.0e-12	true
train-hypergraph-002	hypergraph	basis_changed	16762051709095117530	UniqueAnswerable	Answer	0.0	2.0e-10	true
train-hypergraph-003	hypergraph	boundary_variant	4946453341556916777	UniqueAnswerable	Answer	0.0	2.0e-10	true
train-hypergraph-004	hypergraph	inhomogeneous	3558919701096882384	UniqueAnswerable	Answer	0.0	2.0e-10	true
train-hypergraph-005	hypergraph	equivalent_models	13344959400238157458	EquivalenceOnly	EquivalenceClassOnly	0.0	2.0e-10	true
train-hypergraph-006	hypergraph	missing_observation	16715438064452128126	ObservationInsufficient	InsufficientObservation	0.0	2.0e-10	true
train-hypergraph-007	hypergraph	out_of_domain	6082901235039705902	OutOfDomainTruth	OutOfDomain	0.0	2.0e-10	true
train-hypergraph-008	hypergraph	high_noise	3425035176029442863	NumericallyUnresolved	Abstain	0.0	2.0e-10	true
train-hypergraph-009	hypergraph	positive	12645142812538337448	UniqueAnswerable	Answer	0.0	2.0e-10	true
train-hypergraph-010	hypergraph	null	9144837163734730569	UniqueAnswerable	Answer	0.0	2.0e-10	true
train-hypergraph-011	hypergraph	weak_signal	1789746621969804924	UniqueAnswerable	Answer	0.0	2.0e-12	true
train-hypergraph-012	hypergraph	basis_changed	15962655175892805640	UniqueAnswerable	Answer	0.0	2.0e-10	true
train-hypergraph-013	hypergraph	boundary_variant	1543187598628121450	UniqueAnswerable	Answer	0.0	2.0e-10	true
train-hypergraph-014	hypergraph	inhomogeneous	3967354702415407760	UniqueAnswerable	Answer	0.0	2.0e-10	true
train-hypergraph-015	hypergraph	equivalent_models	6627511188247676069	EquivalenceOnly	EquivalenceClassOnly	0.0	2.0e-10	true
train-hypergraph-016	hypergraph	missing_observation	5671576677780270756	ObservationInsufficient	InsufficientObservation	0.0	2.0e-10	true
train-hypergraph-017	hypergraph	out_of_domain	15928456975475094650	OutOfDomainTruth	OutOfDomain	0.0	2.0e-10	true
train-hypergraph-018	hypergraph	high_noise	4586809134568363681	NumericallyUnresolved	Abstain	0.0	2.0e-10	true
train-hypergraph-019	hypergraph	positive	17520148103607179076	UniqueAnswerable	Answer	0.0	2.0e-10	true
train-hypergraph-020	hypergraph	null	11251010214780328434	UniqueAnswerable	Answer	0.0	2.0e-10	true
train-topology-001	topology	basis_changed	4782389907497386290	UniqueAnswerable	Answer	0.0	2.0e-10	true
train-topology-002	topology	boundary_variant	2356985279138039967	UniqueAnswerable	Answer	0.0	2.0e-10	true
train-topology-003	topology	inhomogeneous	15573011345854717525	UniqueAnswerable	Answer	0.0	2.0e-10	true
train-topology-004	topology	equivalent_models	6341951149859169079	EquivalenceOnly	EquivalenceClassOnly	0.0	2.0e-10	true
train-topology-005	topology	missing_observation	1290010735148334241	ObservationInsufficient	InsufficientObservation	0.0	2.0e-10	true
train-topology-006	topology	out_of_domain	5708965776340457072	OutOfDomainTruth	OutOfDomain	0.0	2.0e-10	true
train-topology-007	topology	high_noise	733075426256344827	NumericallyUnresolved	Abstain	0.0	2.0e-10	true
train-topology-008	topology	positive	17561706754856111155	UniqueAnswerable	Answer	0.0	2.0e-10	true
train-topology-009	topology	null	11867066392105028801	UniqueAnswerable	Answer	0.0	2.0e-10	true
train-topology-010	topology	weak_signal	13069233174908381238	UniqueAnswerable	Answer	0.0	2.0e-12	true
train-topology-011	topology	basis_changed	8400676078235145893	UniqueAnswerable	Answer	0.0	2.0e-10	true
train-topology-012	topology	boundary_variant	2548753284382212569	UniqueAnswerable	Answer	0.0	2.0e-10	true
train-topology-013	topology	inhomogeneous	4775379368581336414	UniqueAnswerable	Answer	0.0	2.0e-10	true
train-topology-014	topology	equivalent_models	13071894142299583576	EquivalenceOnly	EquivalenceClassOnly	0.0	2.0e-10	true
train-topology-015	topology	missing_observation	5788325369544377248	ObservationInsufficient	InsufficientObservation	0.0	2.0e-10	true
train-topology-016	topology	out_of_domain	10019669355992976899	OutOfDomainTruth	OutOfDomain	0.0	2.0e-10	true
train-topology-017	topology	high_noise	12602882299200107003	NumericallyUnresolved	Abstain	0.0	2.0e-10	true
train-topology-018	topology	positive	13432669974958570679	UniqueAnswerable	Answer	0.0	2.0e-10	true
train-topology-019	topology	null	13471470527142995994	UniqueAnswerable	Answer	0.0	2.0e-10	true
train-topology-020	topology	weak_signal	15195424314504791681	UniqueAnswerable	Answer	0.0	2.0e-12	true
train-identifiability-001	identifiability	boundary_variant	8866433508559613759	UniqueAnswerable	Answer	0.0	2.0e-10	true
train-identifiability-002	identifiability	inhomogeneous	5473091364405864731	UniqueAnswerable	Answer	0.0	2.0e-10	true
train-identifiability-003	identifiability	equivalent_models	12274600528809473911	EquivalenceOnly	EquivalenceClassOnly	0.0	2.0e-10	true
train-identifiability-004	identifiability	missing_observation	3804350239625245624	ObservationInsufficient	InsufficientObservation	0.0	2.0e-10	true
train-identifiability-005	identifiability	out_of_domain	5253287167695378282	OutOfDomainTruth	OutOfDomain	0.0	2.0e-10	true
train-identifiability-006	identifiability	high_noise	6204483063967527858	NumericallyUnresolved	Abstain	0.0	2.0e-10	true
train-identifiability-007	identifiability	positive	3945782563497696347	UniqueAnswerable	Answer	0.0	2.0e-10	true
train-identifiability-008	identifiability	null	1497489955729012336	UniqueAnswerable	Answer	0.0	2.0e-10	true
train-identifiability-009	identifiability	weak_signal	16914351228475222075	UniqueAnswerable	Answer	0.0	2.0e-12	true
train-identifiability-010	identifiability	basis_changed	4804783796456735330	UniqueAnswerable	Answer	0.0	2.0e-10	true
train-identifiability-011	identifiability	boundary_variant	481885055648672554	UniqueAnswerable	Answer	0.0	2.0e-10	true
train-identifiability-012	identifiability	inhomogeneous	4947312693627605156	UniqueAnswerable	Answer	0.0	2.0e-10	true
train-identifiability-013	identifiability	equivalent_models	7477425691716796593	EquivalenceOnly	EquivalenceClassOnly	0.0	2.0e-10	true
train-identifiability-014	identifiability	missing_observation	15353708990894880641	ObservationInsufficient	InsufficientObservation	0.0	2.0e-10	true
train-identifiability-015	identifiability	out_of_domain	11611455478412227586	OutOfDomainTruth	OutOfDomain	0.0	2.0e-10	true
train-identifiability-016	identifiability	high_noise	855086553953941658	NumericallyUnresolved	Abstain	0.0	2.0e-10	true
train-identifiability-017	identifiability	positive	11895901946306068837	UniqueAnswerable	Answer	0.0	2.0e-10	true
train-identifiability-018	identifiability	null	1567712193150538348	UniqueAnswerable	Answer	0.0	2.0e-10	true
train-identifiability-019	identifiability	weak_signal	13570597684935649561	UniqueAnswerable	Answer	0.0	2.0e-12	true
train-identifiability-020	identifiability	basis_changed	800353855590813101	UniqueAnswerable	Answer	0.0	2.0e-10	true
